First Name,Last Name,Position,Team,Age
DeWanna,Bonner,F/G,Atlanta Dream,39
Isobel,Borlase,G,Atlanta Dream,22
Jordin,Canada,G,Atlanta Dream,31
Allisha,Gray,G,Atlanta Dream,31
Naz,Hillmon,F,Atlanta Dream,26
Rhyne,Howard,G,Atlanta Dream,26
Brionna,Jones,F,Atlanta Dream,30
Sika,Koné,F,Atlanta Dream,24
Indya,Nivar,G,Atlanta Dream,22
Madina,Okot,C,Atlanta Dream,22
Te-Hina,Paopao,G,Atlanta Dream,24
Angel,Reese,F,Atlanta Dream,24
Matilde,Villa,G,Atlanta Dream,21
Shatori,Walker-Kimbrough,G,Atlanta Dream,31
Rachel,Banham,G,Chicago Sky,33
Kate,Martin,G,Chicago Sky,26
Kamilla,Cardoso,C,Chicago Sky,25
DiJonai,Carrington,G/F,Chicago Sky,28
Natasha,Cloud,G,Chicago Sky,34
Aicha,Coulibaly,G,Chicago Sky,24
Skylar,Diggins,G,Chicago Sky,36
Rickea,Jackson,F,Chicago Sky,25
Gabriela,Jaquez,G,Chicago Sky,22
Morgan,Maly,F,Chicago Sky,24
Jacy,Sheldon,G,Chicago Sky,26
Azurá,Stevens,F/C,Chicago Sky,30
Sydney,Taylor,G,Chicago Sky,25
Courtney,Vandersloot,G,Chicago Sky,37
Elizabeth,Williams,C/F,Chicago Sky,33
Nell,Angloma,F,Connecticut Sun,20
Raegan,Beers,F,Connecticut Sun,22
Kennedy,Burke,G/F,Connecticut Sun,29
Aaliyah,Edwards,F,Connecticut Sun,24
Brittney,Griner,C,Connecticut Sun,35
Ashlon,Jackson,G,Connecticut Sun,22
Gianna,Kneepkens,G,Connecticut Sun,23
Leïla,Lacan,G,Connecticut Sun,22
Charlisse,Leger-Walker,G,Connecticut Sun,25
Diamond,Miller,F,Connecticut Sun,25
Olivia,Nelson-Ododa,C,Connecticut Sun,26
Saniya,Rivers,G,Connecticut Sun,23
Hailey,Van Lith,G,Connecticut Sun,25
Rayah,Marshall,C/F,Connecticut Sun,22
Monique,Billings,F,Indiana Fever,30
Aliyah,Boston,C/F,Indiana Fever,24
Caitlin,Clark,G,Indiana Fever,24
Sophie,Cunningham,G,Indiana Fever,30
Damiris,Dantas,C/F,Indiana Fever,33
Bree,Hall,G,Indiana Fever,23
Tyasha,Harris,G,Indiana Fever,28
Myisha,Hines-Allen,F,Indiana Fever,31
Lexie,Hull,G,Indiana Fever,27
Raven,Johnson,G,Indiana Fever,23
Kelsey,Mitchell,G,Indiana Fever,30
Mercedes,Russell,C,Indiana Fever,31
Michelle,Onyiah,F/C,Indiana Fever,24
Makayla,Timpson,F/C,Indiana Fever,24
Grace,VanSlooten,F,Indiana Fever,22
Rebecca,Allen,F/G,New York Liberty,33
Pauline,Astier,G,New York Liberty,24
Elizabeth,Balogun,F,New York Liberty,26
Raquel,Carrera,C,New York Liberty,24
Marine,Fauthoux,G,New York Liberty,25
Leonie,Fiebich,F,New York Liberty,26
Rebekah,Gardner,G,New York Liberty,36
Sabrina,Ionescu,G,New York Liberty,28
Marine,Johannès,G,New York Liberty,31
Jonquel,Jones,C,New York Liberty,32
Anneli,Maley,F,New York Liberty,28
Satou,Sabally,F,New York Liberty,28
Madison,Scott,G/F,New York Liberty,24
Breanna,Stewart,F,New York Liberty,32
Han,Xu,C,New York Liberty,26
Julie,Allemand,G,Toronto Tempo,30
Ornella,Bankole,F,Toronto Tempo,28
Kamila,Borkowska,C,Toronto Tempo,24
María,Conde,F,Toronto Tempo,29
Temi,Fagbenle,C,Toronto Tempo,34
Maria,Gakdeng,F/C,Toronto Tempo,23
Zaay,Green,G,Toronto Tempo,26
Isabelle,Harrison,F,Toronto Tempo,32
Laura,Juškaitė,F,Toronto Tempo,28
Teonni,Key,F,Toronto Tempo,23
Marina,Mabrey,G,Toronto Tempo,30
Aneesah,Morrow,F,Toronto Tempo,23
Kia,Nurse,G,Toronto Tempo,30
Kiki,Rice,G,Toronto Tempo,22
Nyara,Sabally,F,Toronto Tempo,26
Brittney,Sykes,G,Toronto Tempo,32
Georgia,Amoore,G,Washington Mystics,25
Shakira,Austin,C,Washington Mystics,26
Lauren,Betts,C,Washington Mystics,22
Sonia,Citron,G,Washington Mystics,22
Angela,Dugalić,F,Washington Mystics,24
Alicia,Flórez,G,Washington Mystics,22
Rori,Harmon,G,Washington Mystics,23
Kiki,Iriafen,F,Washington Mystics,23
Betnijah,Laney-Hamilton,G/F,Washington Mystics,32
Lucy,Olsen,G,Washington Mystics,23
Michaela,Onyenwere,F,Washington Mystics,27
Darianna,Littlepage-Buggs,G/F,Washington Mystics,22
Cotie,McMahon,G,Washington Mystics,22
Cassandre,Prosper,G,Washington Mystics,21
Paige,Bueckers,G,Dallas Wings,24
Alysha,Clark,F,Dallas Wings,39
Azzi,Fudd,G,Dallas Wings,23
Aziaha,James,G,Dallas Wings,23
Awak,Kuier,F,Dallas Wings,25
Kitija,Laksa,G,Dallas Wings,30
Li,Yueru,C,Dallas Wings,27
Arike,Ogunbowale,G,Dallas Wings,29
Jessica,Shepard,F,Dallas Wings,30
Maddy,Siegrist,F,Dallas Wings,26
Odyssey,Sims,G,Dallas Wings,34
Alanna,Smith,F,Dallas Wings,30
Costanza,Verona,G,Dallas Wings,27
Christyn,Williams,G,Dallas Wings,26
Haley,Jones,F/G,Dallas Wings,25
Laeticia,Amihere,F,Golden State Valkyries,25
Aminata,Gueye,C,Golden State Valkyries,24
Veronica,Burton,G,Golden State Valkyries,26
Kaila,Charles,G/F,Golden State Valkyries,28
Kaitlyn,Chen,G,Golden State Valkyries,24
Tiffany,Hayes,G,Golden State Valkyries,37
Justė,Jocytė,G/F,Golden State Valkyries,20
Ashten,Prechtel,F,Golden State Valkyries,25
Iliana,Rupert,C,Golden State Valkyries,25
Janelle,Salaün,F,Golden State Valkyries,25
Miela,Sowah,G,Golden State Valkyries,26
Kiah,Stokes,C,Golden State Valkyries,33
Kayla,Thornton,F,Golden State Valkyries,33
Gabby,Williams,F,Golden State Valkyries,30
Cecilia,Zandalasini,F,Golden State Valkyries,30
Janiah,Barker,F,Las Vegas Aces,22
Kierstan,Bell,F,Las Vegas Aces,26
Kalani,Brown,C,Las Vegas Aces,29
Dana,Evans,G,Las Vegas Aces,28
Chelsea,Gray,G,Las Vegas Aces,33
Ta'Niya,Latson,G,Las Vegas Aces,22
Jewell,Loyd,G,Las Vegas Aces,32
Cheyenne,Parker-Tyus,F,Las Vegas Aces,34
Justine,Pissott,G/F,Las Vegas Aces,22
NaLyssa,Smith,F,Las Vegas Aces,26
Stephanie,Talbot,F,Las Vegas Aces,32
Brianna,Turner,F/C,Las Vegas Aces,30
A'ja,Wilson,C,Las Vegas Aces,30
Mai,Yamamoto,G,Las Vegas Aces,26
Jackie,Young,G,Las Vegas Aces,29
Monique,Akoa Makani,G,Los Angeles Sparks,25
Ariel,Atkins,G,Los Angeles Sparks,30
Cameron,Brink,F,Los Angeles Sparks,24
Rae,Burrell,G/F,Los Angeles Sparks,26
Emma,Cannon,F,Los Angeles Sparks,37
Chance,Gray,G,Los Angeles Sparks,22
Dearica,Hamby,F,Los Angeles Sparks,32
Tonie,Morgan,G,Los Angeles Sparks,22
Ndjakalenga,Mwenentanda,G,Los Angeles Sparks,22
Aaliyah,Nye,G/F,Los Angeles Sparks,24
Nneka,Ogwumike,F,Los Angeles Sparks,36
Ji-hyun,Park,G,Los Angeles Sparks,26
Erica,Wheeler,G,Los Angeles Sparks,35
Shyanne,Sellers,G,Los Angeles Sparks,23
Chloe,Bibby,F,Minnesota Lynx,28
Nia,Brodie,F,Minnesota Lynx,31
Elena,Buenavida,G,Minnesota Lynx,22
Maya,Caldwell,G,Minnesota Lynx,27
Emma,Čechová,C,Minnesota Lynx,22
Napheesa,Collier,F,Minnesota Lynx,29
Antonia,Delaere,G,Minnesota Lynx,32
Natasha,Howard,F,Minnesota Lynx,35
Dorka,Juhász,F,Minnesota Lynx,26
Liatu,King,F,Minnesota Lynx,24
Anastasiia Olairi,Kosu,F,Minnesota Lynx,21
Kayla,McBride,G,Minnesota Lynx,34
Aari,McDonald,G,Minnesota Lynx,28
Olivia,Miles,G,Minnesota Lynx,23
Courtney,Williams,G,Minnesota Lynx,32
Valériane,Ayayi,F,Phoenix Mercury,32
Noémie,Brochant,F/G,Phoenix Mercury,26
Shay,Ciezki,G,Phoenix Mercury,22
Kahleah,Copper,G/F,Phoenix Mercury,32
Kara,Dunn,G,Phoenix Mercury,22
Lexi,Held,G,Phoenix Mercury,26
Kyara,Linskens,C,Phoenix Mercury,29
Natasha,Mack,F/C,Phoenix Mercury,28
Kelsey,Plum,G,Phoenix Mercury,32
Saylor,Poffenbarger,F,Phoenix Mercury,24
Marta,Suárez,F,Phoenix Mercury,24
Alyssa,Thomas,F,Phoenix Mercury,34
Maddy,Westbeld,F,Phoenix Mercury,24
Sami,Whitcomb,G,Phoenix Mercury,38
Jovana,Nogić,G,Phoenix Mercury,28
Sarah Ashlee,Barker,G,Portland Fire,25
Frieda,Bühner,F/C,Portland Fire,22
Bridget,Carleton,F,Portland Fire,29
Megan,DiLeo,C,Portland Fire,29
Emily,Engstler,F,Portland Fire,26
Sania,Feagin,F,Portland Fire,23
Luisa,Geiselsöder,C,Portland Fire,26
Jordan,Harrison,G,Portland Fire,22
Carla,Leite,G,Portland Fire,22
Teja,Oblak,G,Portland Fire,35
Charisma,Osborne,G,Portland Fire,25
Amy,Okonkwo,F,Portland Fire,30
Nyadiew,Puoch,F,Portland Fire,22
Karlie,Samuelson,G,Portland Fire,31
Serah,Williams,F,Portland Fire,22
Holly,Winterburn,G,Portland Fire,25
Zia,Cooke,G,Seattle Storm,25
Stefanie,Dolson,C,Seattle Storm,34
Awa,Fam,C,Seattle Storm,20
Natisha,Hiedeman,G,Seattle Storm,29
Mackenzie,Holmes,F,Seattle Storm,25
Jordan,Horston,F,Seattle Storm,25
Flau'jae,Johnson,G,Seattle Storm,22
Ezi,Magbegor,F/C,Seattle Storm,27
Taina,Mair,G,Seattle Storm,22
Dominique,Malonga,C,Seattle Storm,20
Jade,Melbourne,G,Seattle Storm,24
Katie Lou,Samuelson,G,Seattle Storm,29
Jaylyn,Sherrod,G,Seattle Storm,24
Taylor,Thierry,G/F,Seattle Storm,23
